"0","####### SPECIES"
"0","### If Species name matches GMGI COI reference, then replace taxonomic levels "
"0","update_taxonomy_SPECIES_level <- function(x, Species_name) {"
"0","  ifelse(!is.na(Species_name) & Species_name %in% GMGI_COI$Species_name,"
"0","         GMGI_COI[[cur_column()]][match(Species_name, GMGI_COI$Species_name)],"
"0","         x)"
"0","}"
"0",""
"0","data_taxlevels <- data_edited %>%"
"0","  mutate(across(c(Domain, Kingdom, Phylum, Class, Order, Family, Genus),"
"0","                ~update_taxonomy_SPECIES_level(., Species_name)))"
"0",""
"0",""
"0","####### GENUS "
"0","update_taxonomy_GENUS_level <- function(x, Genus) {"
"0","  ifelse(!is.na(Genus) & Genus %in% GMGI_COI$Genus,"
"0","         GMGI_COI[[cur_column()]][match(Genus, GMGI_COI$Genus)],"
"0","         x)"
"0","}"
"0",""
"0","data_taxlevels <- data_taxlevels %>%"
"0","  mutate(across(c(Domain, Kingdom, Phylum, Class, Order, Family),"
"0","                ~update_taxonomy_GENUS_level(., Genus)))"
"0",""
"0","####### FAMILY "
"0","update_taxonomy_FAMILY_level <- function(x, Family) {"
"0","  ifelse(!is.na(Family) & Family != ""Unranked"" & Family %in% GMGI_COI$Family,"
"0","         GMGI_COI[[cur_column()]][match(Family, GMGI_COI$Family)],"
"0","         x)"
"0","}"
"0",""
"0","data_taxlevels <- data_taxlevels %>%"
"0","  mutate(across(c(Domain, Kingdom, Phylum, Class, Order),"
"0","                ~update_taxonomy_FAMILY_level(., Family)))"
"0",""
"0","####### ORDER "
"0","update_taxonomy_ORDER_level <- function(x, Order) {"
"0","  ifelse(!is.na(Order) & Order != ""Unranked"" & Order %in% GMGI_COI$Order,"
"0","         GMGI_COI[[cur_column()]][match(Order, GMGI_COI$Order)],"
"0","         x)"
"0","}"
"0",""
"0","data_taxlevels <- data_taxlevels %>%"
"0","  mutate(across(c(Domain, Kingdom, Phylum, Class),"
"0","                ~update_taxonomy_ORDER_level(., Order)))"
"0",""
"0","####### CLASS "
"0","update_taxonomy_CLASS_level <- function(x, Class) {"
"0","  ifelse(!is.na(Class) & Class != ""Unranked"" & Class %in% GMGI_COI$Class,"
"0","         GMGI_COI[[cur_column()]][match(Class, GMGI_COI$Class)],"
"0","         x)"
"0","}"
"0",""
"0","data_taxlevels <- data_taxlevels %>%"
"0","  mutate(across(c(Domain, Kingdom, Phylum, Class),"
"0","                ~update_taxonomy_CLASS_level(., Class)))"
"0",""
"0","####### PHYLUM "
"0","update_taxonomy_Phylum_level <- function(x, Phylum) {"
"0","  ifelse(!is.na(Phylum) & Phylum != ""Unranked"" & Phylum %in% GMGI_COI$Phylum,"
"0","         GMGI_COI[[cur_column()]][match(Phylum, GMGI_COI$Phylum)],"
"0","         x)"
"0","}"
"0",""
"0","data_taxlevels <- data_taxlevels %>%"
"0","  mutate(across(c(Domain, Kingdom, Phylum, Phylum),"
"0","                ~update_taxonomy_Phylum_level(., Phylum)))"
"0",""
"0","####### KINGDOM "
"0","update_taxonomy_Kingdom_level <- function(x, Kingdom) {"
"0","  ifelse(!is.na(Kingdom) & Kingdom %in% GMGI_COI$Kingdom,"
"0","         GMGI_COI[[cur_column()]][match(Kingdom, GMGI_COI$Kingdom)],"
"0","         x)"
"0","}"
"0",""
"0","data_taxlevels <- data_taxlevels %>%"
"0","  mutate(across(c(Domain, Kingdom, Kingdom, Kingdom),"
"0","                ~update_taxonomy_Kingdom_level(., Kingdom)))"
"0",""
"0","#### IF phylum = Bacteria then make Domain Bacteria too"
"0","data_taxlevels <- data_taxlevels %>%"
"0","  mutate(Domain = ifelse(Kingdom == ""Bacteria"", ""Bacteria"", Domain))"
"0",""
"0",""
"0","### If Kingdom == Eukaryota and Phylum is empty, make Kingdom NA"
"0","data_taxlevels <- data_taxlevels %>%"
"0","  mutate(Kingdom = case_when("
"0","      Kingdom == ""Eukaryota"" & is.na(Phylum) ~ NA_character_,"
"0","      TRUE ~ Kingdom"
"0","    )) %>%"
"0","  filter(!is.na(Domain))"
"0",""
"0","## If The lowest assignment is Eukaryotic = Animalia, then call it Unassigned "
"0","data_taxlevels <- data_taxlevels %>%"
"0","  filter(!(Domain == ""Eukaryota"" & Kingdom == ""Animalia"" & is.na(Phylum))) %>%"
"0","  "
"0","  ## Removing any hits that don't have Phylum level "
"0","  filter(!is.na(Phylum))"
"0",""
