"0","length(unique(ASV_table_annotated$ASV_ID)) ## 4,423"
"1","[1]"
"1"," 4423"
"1","
"
"0","nrow(ASV_table_annotated) ## 4,423"
"1","[1]"
"1"," 4423"
"1","
"
"0","ASV_table_annotated <- ASV_table_annotated %>%"
"0","  ## merge with common name and category information "
"0","  left_join(., GMGI_COI %>% dplyr::select(-Archived_name), "
"0","            by = c(""Domain"", ""Kingdom"", ""Phylum"", ""Class"", ""Order"", ""Family"", ""Genus"", ""Species_name"")) %>%"
"0","  relocate(c(""Common_name"", ""Category""), .after = Species_name) %>%"
"0","  "
"0","  ## Removing Animalia:Mollusca:Gastropoda:Littorinimorpha:NA to be Unassigned"
"0","  ### Viewing these columns prior to filtering"
"0","  mutate("
"0","    Littorinimorpha = ifelse(Kingdom == ""Animalia"" & Phylum == ""Mollusca"" & Class == ""Gastropoda"" & "
"0","    Order == ""Littorinimorpha"" & is.na(Family), TRUE, FALSE),"
"0","    "
"0","    Gastropoda_blank = ifelse(Kingdom == ""Animalia"" & Phylum == ""Mollusca"" & Class == ""Gastropoda"" & "
"0","    is.na(Order) & is.na(Family), TRUE, FALSE),"
"0","    "
"0","    across(c(Domain:Category), ~ ifelse((Littorinimorpha==""TRUE"" | Gastropoda_blank==""TRUE""), NA, .))"
"0","    ) %>% dplyr::select(-Littorinimorpha, -Gastropoda_blank) %>%"
"0","  "
"0","  ## Removing Animalia:Mollusca:Gastropoda:Littorinimorpha:NA to be Unassigned"
"0","## This code wasnt' working as expected (also changing other entries to be NA)"
"0","  # mutate(across(Domain:Category, ~ ifelse("
"0","  #   Kingdom == ""Animalia"" & Phylum == ""Mollusca"" & Class == ""Gastropoda"" & Order == ""Littorinimorpha"" & is.na(Family), "
"0","  #                 NA, .))) %>%"
"0","  "
"0","  ## IF all blank, fill in Common name and Category with Unassigned"
"0","  mutate(across(c(Common_name, Category), "
"0","           ~ if_else(if_all(c(Domain, Kingdom, Phylum, Class, Order, Family, Genus, Species_name), is.na),"
"0","             ""Unassigned"", .))) "
"0",""
"0",""
"0","ASV_table_annotated %>% "
"0","  unite(Tax, c(Domain, Kingdom, Phylum, Class, Order, Family, Genus, Species_name, Common_name, Category)) %>%"
"0","  summarise(n = n_distinct(Tax))"
