"0","## Median from the filtered2 above"
"0","gene.stats <- meth_table5x_filtered %>%"
"0","  dplyr::group_by(Sample.ID, gene) %>%"
"0","  mutate(median.gene = median(per.meth),"
"0","         mean.gene = mean(per.meth)) %>% ungroup() %>%"
"0","  dplyr::group_by(Sample.ID) %>%"
"0","  mutate(median.sample = median(median.gene),"
"0","         mean.sample = mean(mean.gene)) %>% ungroup()"
"0",""
"0","#gene.stats %>% dplyr::select(gene) %>% distinct()"
"0",""
"0","gene.stats.DMGs <- meth_table5x_filtered_sigDMG %>%"
"0","  dplyr::group_by(Sample.ID, gene) %>%"
"0","  mutate(median.gene = median(per.meth, na.rm=TRUE),"
"0","         mean.gene = mean(per.meth)) %>% ungroup() %>%"
"0","  dplyr::group_by(Sample.ID) %>%"
"0","  mutate(median.sample = median(median.gene),"
"0","         mean.sample = mean(mean.gene)) %>% ungroup()"
"0",""
"0","# Loc.stats <- meth_table5x_filtered %>%"
"0","#   dplyr::group_by(meth_exp_group, Loc) %>%"
"0","#   mutate(median.Loc = median(per.meth),"
"0","#          mean.Loc = mean(per.meth)) %>% ungroup() %>%"
"0","#   dplyr::group_by(Sample.ID) %>%"
"0","#   mutate(median.sample = median(median.Loc),"
"0","#          mean.sample = mean(mean.Loc)) %>% ungroup() %>%"
"0","#   dplyr::select(meth_exp_group, Loc, median.Loc, mean.Loc) %>% distinct()"
"0","# "
"0","# meth_table5x_filtered %>% filter(Loc == ""Pocillopora_acuta_HIv2___Sc0000000_23737"")"
"0",""
"0",""
"0","#gene.stats.DMGs %>% write.csv(""data/WGBS/DMG_statistics.csv"", row.names = FALSE)"
