"0","#adding percentages on axis"
"0","names(pca_data_sig)[3] <- ""PCA1"""
"0","names(pca_data_sig)[4] <- ""PCA2"""
"0","names(pca_data_sig)[5] <- ""PCA3"""
"0","names(pca_data_sig)[6] <- ""PCA4"""
"0","percentage_sig <- round((scaled_pca_sig$sdev^2) / sum((scaled_pca_sig$sdev^2)) * 100, 2)"
"0","#percentage_sig <- paste(colnames(pca_data_sig[3:55]), ""("",paste(as.character(pca_data_sig), ""%"", "")"", sep="""") )"
"0",""
"0","## adding treatment column to visualize "
"0","pca_data_sig$Sample.ID <- as.character(pca_data_sig$Sample.ID)"
"0","pca_data_sig <- pca_data_sig %>% left_join(., meth_group_list, by = ""Sample.ID"")"
"0",""
"0","#adding percentages on axis"
"0","names(pca_data_all)[3] <- ""PCA1"""
"0","names(pca_data_all)[4] <- ""PCA2"""
"0","names(pca_data_all)[5] <- ""PCA3"""
"0","names(pca_data_all)[6] <- ""PCA4"""
"0","percentage_all <- round((scaled_pca_all$sdev^2) / sum((scaled_pca_all$sdev^2)) * 100, 2)"
"0","#percentage_all <- paste(colnames(pca_data_all[3:55]), ""("",paste(as.character(pca_data_all), ""%"", "")"", sep="""") )"
"0",""
"0","## adding treatment column to visualize "
"0","pca_data_all$Sample.ID <- as.character(pca_data_all$Sample.ID)"
"0","pca_data_all <- pca_data_all %>% left_join(., meth_group_list, by = ""Sample.ID"")"
