"0","load(""data/WGBS/meth_table5x_filtered_sigDMG.RData"")"
"0",""
"0","meth_levels_gene <- meth_table5x_filtered_sigDMG %>%"
"0","  dplyr::group_by(gene) %>%"
"0","  reframe(median_meth = median(per.meth),"
"0","          mean_meth = mean(per.meth))"
"0",""
"0","# Step 1: summarize by gene and group"
"0","gene_stats <- meth_table5x_filtered_sigDMG %>%"
"0","  dplyr::group_by(gene, Sample.ID, meth_exp_group) %>%"
"0","  summarise("
"0","    median_meth = median(per.meth),"
"0","    mean_meth   = mean(per.meth),"
"0","    .groups = ""drop"""
"0","  )"
"0",""
"0","gene_stats2 <- gene_stats %>%"
"0","  dplyr::group_by(gene) %>%"
"0","  summarise("
"0","    median_gene = median(median_meth),"
"0","    mean_gene = mean(mean_meth)"
"0","  )"
"0",""
"0","genes_above10 <- gene_stats2 %>% filter(mean_gene > 10) %>% pull(gene) ## 904 genes"
"0","genes_below10 <- gene_stats2 %>% filter(mean_gene < 10) %>% pull(gene) ## 2,788 genes "
"0",""
"0","# test <- meth_table5x_filtered_sigDMG %>% subset(gene == ""Pocillopora_acuta_HIv2___RNAseq.10002_t"")"
"0",""
"0","# Step 2: "
"0","### identify genes where all groups have median > 0"
"0","# genes_to_remove <- gene_stats %>%"
"0","#   dplyr::group_by(gene) %>%"
"0","#   summarise(all_pos = all(median_meth == 0), .groups = ""drop"") %>%"
"0","#   filter(all_pos) %>%"
"0","#   pull(gene)"
"0",""
"0","### PoA style, at least X number of corals in each group need to be >0 "
"0","# genes_to_remove <- gene_stats %>%"
"0","#   dplyr::group_by(gene) %>%"
"0","#   summarise(all_pos = all(median_meth == 0), .groups = ""drop"") %>%"
"0","#   filter(all_pos) %>%"
"0","#   pull(gene)"
"0",""
"0","# Step 3: drop those genes"
"0","meth_levels_gene_above10 <- gene_stats %>% filter(gene %in% genes_above10)"
"0","meth_levels_gene_below10 <- gene_stats %>% filter(gene %in% genes_below10)"
"0",""
"0","# length(unique(meth_levels$gene)) "
"0","## 843 genes from removing genes with all three groups == 0% median meth"
"0",""
"0","## Step 4: calculate by meth exp group "
"0","gene_stats_bygroup <- gene_stats %>% dplyr::group_by(gene, meth_exp_group) %>%"
"0","  summarise("
"0","    mean_group = mean(mean_meth)"
"0","  )"
"0",""
"0","gene_stats_bygroup_above10 <- gene_stats_bygroup %>% filter(gene %in% genes_above10)"
"0","gene_stats_bygroup_below10 <- gene_stats_bygroup %>% filter(gene %in% genes_below10)"
