"0","# read in metadata files "
"0","meta <- read.csv(""data/metadata/ITS2/Sample_variables.csv"") %>% dplyr::rename(sample_name = sample)"
"0",""
"0","# changing metadata to be correct time point "
"0","meta$Timepoint[which(meta$Plug_ID == ""2153"")] <- ""4"""
"0",""
"0","# flip sample 192 and 193 b/c of lab mix-up"
"0","meta$sample_name[which(meta$Plug_ID == ""1755"")] <- ""HP193"""
"0","meta$sample_name[which(meta$Plug_ID == ""1246"")] <- ""HP192"""
"0",""
"0","meta <- meta %>% dplyr::select(sample_name, Sample.ID=Plug_ID)"
