"0","# meth_table5x_filtered2 <- meth_table5x_filtered %>% distinct() %>%"
"0","#   unite(Loc, c(""scaffold"", ""position""), sep = ""_"") %>%"
"0","# "
"0","#   ## option 1: >10% median CpG methylation"
"0","#   # group_by(Loc) %>%"
"0","#   # mutate(position.median = median(per.meth)) %>%"
"0","#   # filter(position.median > 10) %>% ungroup()"
"0","# "
"0","#   ## option 2: CpG loci >0% across all samples, but genes need 5 positions "
"0","#   # group_by(Loc) %>%"
"0","#   # mutate(position.median = median(per.meth)) %>%"
"0","#   # filter(position.median > 0) %>% ungroup() %>%"
"0","#   # group_by(gene) %>%"
"0","#   # filter(n_distinct(Loc) >= 5)"
"0","#   "
"0","#   ## option 3: gene median >10% CpG across all samples"
"0","#   # group_by(gene) %>%"
"0","#   # mutate(gene.median = median(per.meth)) %>%"
"0","#   # filter(gene.median >= 10) %>% ungroup()"
"0","#   "
"0","#   ## option 4: gene median 0% CpG across all samples"
"0","#   group_by(gene) %>%"
"0","#   mutate(gene.median = median(per.meth)) %>%"
"0","#   filter(gene.median > 0) %>% ungroup()"
"0","#   "
"0","# "
"0","# ## testing position vs Loc column, should be Loc"
"0","# # length(unique(meth_table5x_filtered$position)) ## 103,629"
"0","# # length(unique(meth_table5x_filtered2$Loc)) ## 104,388"
"0","# "
"0","# ## viewing one loci to see if the above function worked "
"0","# # meth_table5x_filtered2 %>% filter(position == ""3396"")"
"0","# # meth_table5x_filtered %>% filter(position == ""3396"")"
"0","# "
"0","# meth_table5x_filtered2_sigDMG <- meth_table5x_filtered2[meth_table5x_filtered2$gene %in% DMG_5x_sig$gene,]"
"0","# "
"0","# length(unique(meth_table5x_filtered2$gene)) "
"0","# ## total = 9,647"
"0","# ## option 1: 1,761 genes if CpG loci > 10"
"0","# ## option 2: 345 genes if CpG loci > 0 then at least 5 CpG positions per gene"
"0","# ## option 3: 577 if gene median >10% CpG across all samples"
"0","# ## option 4: 808 if gene median >0% CpG across all samples"
"0","# "
"0","# length(unique(meth_table5x_filtered2_sigDMG$gene)) "
"0","# ## total = 3,870 "
"0","# ## option 1: 1,429 genes if CpG loci > 10 DMGS"
"0","# ## option 2: 320 if CpG loci > 0 then at least 5 CpG positions per gene"
"0","# ## option 3: 504 if gene median >10% CpG across all samples"
"0","# ## option 4: 714 if gene median 0% CpG across all samples"
