"0","overlap <- SNP %>%"
"0","  inner_join(df5x, by = ""Loc"")"
"0",""
"0","## 6,876 SNPs / 113,978 "
"0","length(unique(overlap$Loc))"
"1","[1]"
"1"," 6876"
"1","
"
"0","length(unique(df5x$Loc))"
"1","[1]"
"1"," 113978"
"1","
"
"0","(length(unique(overlap$Loc))/length(unique(df5x$Loc)))*100 ## 6.42% of CpGs "
"1","[1]"
"1"," 6.032743"
"1","
"
"0","# Remove overlapping Locs"
"0","df5x <- df5x %>%"
"0","  anti_join(SNP, by = ""Loc"")"
"0",""
"0","## 107,102 loci left (113,978 - 6,876)"
"0","# Check remaining unique Loc values"
"0","length(unique(df5x$Loc))"
"1","[1]"
"1"," 107102"
"1","
"
