"0","disagree <- data_taxlevels %>%"
"0","  group_by(ASV_ID) %>%"
"0","  mutate(Choice = NA) %>%"
"0","  "
"0","  # Keep only ASVs with exactly 2 entries"
"0","  filter(n() == 2) %>%"
"0","  "
"0","  # Check if all taxonomic levels (Domain to Species_name) are identical"
"0","  filter(n_distinct(paste(Domain, Kingdom, Phylum, Class, Order, Family, Genus, Species_name, sep = "":"")) > 1) %>%"
"0","  "
"0","  # Arrange by ASV_ID for better readability"
"0","  arrange(ASV_ID)"
"0",""
"0","disagree %>% "
"0","  write_xlsx(""../taxonomic_assignments/LCA_MZG_comparison_multiple_hits_v2.xlsx"")"
