"0","unique(ASV_matrix$Category)"
"1"," [1]"
"1"," ""Invertebrate""           "
"1"," ""Phytoplankton""          "
"1"," ""Algae""                  "
"1"," ""Insect""                 "
"1","
"
"1"," [5]"
"1"," ""Fungi""                  "
"1"," ""Non-autotrophic protist"""
"1"," ""Teleost Fish""           "
"1"," ""Mammal""                 "
"1","
"
"1"," [9]"
"1"," ""Unclassified animal""    "
"1"," ""Bacteria""               "
"1"," ""Elasmobranch""           "
"1"," ""Unassigned""             "
"1","
"
"1","[13]"
"1"," ""Arachnid""               "
"1","
"
"0","category_levels <- c("
"0","  ""Unassigned"", ""Unclassified animal"","
"0","  "
"0","  ""Bacteria"", ""Arachnid"", ""Insect"", ""Mammal"","
"0","  "
"0","  ""Non-autotrophic protist"", ""Fungi"", ""Algae"", ""Phytoplankton"","
"0","  "
"0","  ""Invertebrate"", ""Teleost Fish"", ""Elasmobranch"""
"0",")"
"0",""
"0","fill_colors <- c("
"0","                 #""Tree"" = ""#e9f5db"","
"0","                 ""Non-autotrophic protist"" = ""#f0ead2"", "
"0","                 ""Fungi"" = ""#dde5b6"","
"0","                 #""Plant"" = ""#cfe1b9"","
"0","                 ""Algae"" = ""#A1C181"","
"0","                 ""Phytoplankton"" = ""#97a97c"","
"0","                 "
"0","                 "
"0","                 ""Invertebrate"" =""#DCF1F9"","
"0","                 ""Teleost Fish"" = ""#85B6CB"","
"0","                 ""Elasmobranch"" = ""#97ADCB"","
"0","                 "
"0","                 ""Bacteria"" = ""#ffedd8"", "
"0","                 ""Arachnid"" = ""#FCECB0"","
"0","                 ""Insect"" = ""#FDD987"","
"0","                 ""Mammal"" = ""#FDC35E"","
"0","                 "
"0","                 ""Unclassified animal"" = ""#e9ecef"","
"0","                 ""Unassigned"" = ""#d9d9d9"""
"0","                 )"
