"0","piechart_spp <- species_summary %>%  "
"0","  dplyr::mutate(csum = rev(cumsum(rev(count))), "
"0","         pos = count/2 + lead(csum, 1),"
"0","         pos = if_else(is.na(pos), count/2, pos))"
"0",""
"0","piechart_species_plot <- species_summary %>% "
"0","  ggplot(., aes(x="""", y = count, fill = Category)) +"
"0","  geom_col(color = ""black"", width=1.25) +"
"0","  geom_label_repel(data = piechart_spp,"
"0","                   aes(y = pos, label = paste0(count)),"
"0","                   size = 3, nudge_x = 1, show.legend = FALSE) +"
"0","  coord_polar(theta = ""y"") +"
"0","  scale_fill_manual(values = fill_colors) +"
"0","  theme_bw() +"
"0","  theme("
"0","    plot.background = element_rect(fill = ""white"", colour = NA),"
"0","    plot.margin = margin(t = 5, r = 5, b = 5, l = 5, unit = ""pt""),"
"0","    panel.border = element_blank(),  # Remove panel border"
"0","    panel.grid = element_blank(),    # Remove grid lines"
"0","    axis.ticks = element_blank(),    # Remove axis ticks"
"0","    axis.text = element_blank(),     # Remove axis text"
"0","    axis.title = element_blank()     # Remove axis titles"
"0","  ) +"
"0","  ggtitle(""Number of Unique Taxonomic Assignments"") +"
"0","  xlab("""") + ylab("""") + labs(fill = ""Category""); piechart_species_plot"
