"0","gene.stats.groups.test %>%"
"0","  subset(!meth_exp_group == ""ungroup"") %>%"
"0","    ggplot(aes(x = meth_exp_group, y = per.meth, color = meth_exp_group)) +"
"0","    geom_boxplot(outlier.shape = NA, size=0.75) +"
"0","    geom_jitter(size = 3, alpha = 0.6, width=0.2) +"
"0","    theme_bw() +"
"0","  labs("
"0","    x = """","
"0","    y = ""DNA methylation level (%)"", "
"0","  ) + "
"0",""
"0","    scale_colour_manual(values = c(""skyblue3"", ""olivedrab4"", ""darkgreen"")) +"
"0","    scale_y_continuous(expand = expansion(mult = c(0.2, 0.2))) +"
"0","    theme("
"0","      axis.text.x = element_text(size = 14, color = ""black""),"
"0","      axis.text.y = element_text(size = 14, color = ""black""),"
"0","      strip.background = element_rect(color = ""black"", fill = ""white"", linewidth = 0.5, linetype = ""solid""),"
"0","      legend.position = ""none"","
"0","      legend.text = element_text(size = 14),"
"0","      strip.text.x = element_text(size = 14, color = ""black"", face = ""bold""),"
"0","      #axis.title.x = element_text(margin = margin(t = 10), size = 14, face = ""bold""),"
"0","      axis.title.y = element_text(margin = margin(r = 10), size = 16),"
"0","      "
"0","    )"
