"0","### pre filter: 4,423 "
"0","### post only filter 0.1%: 4,423  "
"0","### post filter 0.1% + ASVs >10: 1,962 "
"0","### post both filters: 1,536 (removed 2,887 ASVs)"
"0",""
"0","length(unique(ASV_table$ASV_ID)) ## 4,423"
"1","[1]"
"1"," 4423"
"1","
"
"0","ASV_table_filtered <- ASV_table_annotated %>%"
"0","  ## telling the df we are doing the following function by rows (ASVs)"
"0","  # rowwise() %>%"
"0","  # "
"0","  # ## filter 1: ASVs with total sums >10"
"0","  # #filter(ASV_sum > 10) %>%"
"0","  # "
"0","  # ## Filter out reads that are less than 10 in each sample per ASV"
"0","  # mutate(across(.cols = (14:ncol(.)),"
"0","  #               .fns = ~ ifelse(.x<10, 0, .x))) %>% ungroup() %>%"
"0","  "
"0","  ### filter for ASVs >10 total "
"0","  filter(ASV_sum > 9) %>%"
"0","  "
"0","  rowwise() %>%"
"0","  "
"0","  ## filter 2: Filter out reads that are less than a certain % of ASV (row) total per sample"
"0","  mutate(across(.cols = 14:ncol(.),"
"0","                .fns = ~ ifelse((.x / sum(.x, na.rm = TRUE)) < 0.001, NA, .x))) %>% ungroup() %>%"
"0","  "
"0","  distinct()"
"0",""
"0","### print rows that == 0"
"0","ASV_table_filtered[rowSums(ASV_table_filtered[, 14:ncol(ASV_table_filtered)], na.rm = TRUE) == 0, ]"
