"0","epigene_results_significant <- significant_genes %>%"
"0","  left_join(., pacuta_counts %>% rownames_to_column(var=""gene""), by = ""gene"") %>%"
"0","  gather(""Sample.ID"", ""count"", 2:last_col()) %>%"
"0","  left_join(., meta, by = ""Sample.ID"") %>%"
"0","  left_join(., eggNOGG %>% dplyr::select(gene, Description), by = ""gene"")"
"0",""
"0","length(unique(epigene_results_significant$gene)) ## 63"
"1","[1]"
"1"," 63"
"1","
"
"0","epigene_results_summary <- summarySE(epigene_results_significant, measurevar = c(""count""),"
"0","                               groupvars = c(""gene"", ""meth_exp_group"")) %>% dplyr::select(-N, -sd, -se, -ci) %>%"
"0","  spread(meth_exp_group, count) %>% left_join(., epigene_results_filtered, by = ""gene"") %>%"
"0","  left_join(., eggNOGG %>% dplyr::select(gene, Description), by = ""gene"")"
"0",""
"0","epigene_results_summary %>% write_xlsx(""data/WGBS/Epigenetic_machinery_genes.xlsx"")"
"0",""
"0","#epigene_annotated <- read_xlsx(""data/Epigenetic_machinery_genes_annotated.xlsx"")"
"0",""
"0","# epigene_annotated %>% group_by(Pattern) %>%"
"0","#   reframe(n_genes = n_distinct(gene))"
"0","# "
"0","# epigene_annotated %>% dplyr::select(-pvalue, -`T1.D`, -`T2.D`, -`T2.T1`, -sig) %>%"
"0","#   gather(""group"", ""value"", 2:4) %>%"
"0","#   ggplot(., aes(x=group, y=(value))) +"
"0","#   labs("
"0","#     y="""","
"0","#     x="""""
"0","#   ) +"
"0","#   geom_line(aes(group = gene), color = 'grey80', lty = ""dotted"") +"
"0","#   geom_point(width=0.2, aes(fill = group), size=1.5, color = 'black', shape=21, alpha=0.5) +"
"0","# "
"0","#   facet_wrap(~Pattern, scales = ""free"") +"
"0","#   scale_fill_manual(values = c(""skyblue3"", ""olivedrab4"", ""darkgreen"")) +"
"0","#   theme_bw() +"
"0","#   theme("
"0","#     strip.text.x = element_text(size = 8, color = ""black"", face = ""bold""),"
"0","#         strip.text.y = element_text(size = 8, color = ""black"", face = ""bold""),"
"0","#         strip.background = element_rect(color=""black"", fill=""white"", size=0.5, linetype=""solid""),"
"0","#     legend.position = ""none"""
"0","#   )"
"0","# "
"0","# ggsave(""data/figures/Fig5_targetedGE_high.png"", width = 5, height = 4)"
