"0","## EXCEL"
"0","meta <- read_excel(""../../../INSPIRE2025 Master Data Sheet.xlsx"") %>% "
"0","  "
"0","  filter(!is.na(`CO1`)) %>%"
"0","  filter(!is.na(`GMGI Sample ID`)) %>%"
"0","  "
"0","  dplyr::select(`GMGI Sample ID`:`No. Containers`, NOTES, `Container/Preservative`) %>%"
"0","  "
"0","  mutate(`GMGI Sample ID` = gsub(""-"", ""_"", `GMGI Sample ID`))"
"0",""
"0","GMGI_COI <- read_xlsx(""C:/BoxDrive/Box/Science/Fisheries/Projects/eDNA/Metabarcoding Lab Resources/Reference Databases/GMGI_COI_Ref.xlsx"")"
