"0","ploidy_DEG_wfunction <- read.csv(file=""data/gene expression/3-Pacu-group-DEG-GOenrichment-results.csv"") "
"0",""
"0","eggNOGG <- read.delim2(""data/gene expression/Pocillopora_acuta_HIv2.genes.EggNog_results.txt"") %>%"
"0","  dplyr::select(gene = X.query, Description) %>%"
"0","  filter(grepl(""acetylase|methylase|methyltransferase|PHD|WD40|MBD|UHRF|Methylcytosine|S-adenosylmethionine|methionine synthase"", "
"0","               Description, ignore.case = TRUE)) "
"0",""
"0","## 208 genes matching epigenetic machinery names"
"0","length(unique(eggNOGG$gene))"
"1","[1]"
"1"," 208"
"1","
"
"0","eggNOGG %>% write_xlsx(""data/metadata/Epigenetic_machinery_genes.xlsx"")"
"0",""
"0","epigenetic_machinery_genes <- left_join(eggNOGG, Pacuta_data_filt %>% rownames_to_column(var=""gene"")) %>%"
"0","  gather(""Sample.ID"", ""count"", 3:last_col()) %>% left_join(., meta, by = ""Sample.ID"") %>%"
"0","  group_by(Sample.ID) %>% filter(!is.na(count))"
"0",""
"0","epigenetic_machinery_genes %>% ungroup() %>% dplyr::select(gene, Description) %>% distinct() %>%"
"0","  write_xlsx(""data/WGBS/Epigenetic_machinery_genes_list.xlsx"")"
"0",""
"0","## 191 / 208 genes we have data for "
"0","length(unique(epigenetic_machinery_genes$gene))"
"1","[1]"
"1"," 191"
"1","
"
"0","### running ANOVA loop on all genes in this df to see which ones have significant expression differences"
"0","epigene_results <- data.frame()"
"0",""
"0","for (i in epigenetic_machinery_genes$gene){"
"0","  stats_subset <- epigenetic_machinery_genes %>% subset(gene==i)"
"0","  aov <- aov(count ~ meth_exp_group, data=stats_subset) "
"0","  ANOVA <- Anova(aov, type = ""III"")"
"0","  TUKEY <- TukeyHSD(aov)"
"0","  "
"0","  pvalue <- as.data.table(ANOVA)[2,4]"
"0","  pvalue <- pvalue %>% dplyr::rename(pvalue = `Pr(>F)`)"
"0","  "
"0","  Tukeydf <- as.data.frame(TUKEY$meth_exp_group[,4]) %>% rownames_to_column(., ""comparison"") %>%"
"0","              dplyr::rename(pvalue = `TUKEY$meth_exp_group[, 4]`) %>% spread(comparison, pvalue)"
"0","  "
"0","  DF <- data.frame(stats_subset[1,1], pvalue, Tukeydf)  "
"0","  "
"0","  epigene_results <- rbind(epigene_results, DF)"
"0","  }"
"0",""
"0","epigene_results_filtered <- epigene_results %>% distinct() %>%"
"0","  mutate_if(is.numeric, round, 8) %>% "
"0","  mutate(sig = ifelse(pvalue < 0.050, ""significant"", ""NS""))"
"0",""
"0","## genes with significantly different expression = 63 genes "
"0","significant_genes = epigene_results_filtered %>% filter(pvalue < 0.050) %>% dplyr::select(gene)"
