"0","library(plyr)"
"0","library(dplyr)"
"0","library(ggplot2)"
"0","library(""RColorBrewer"")"
"0","library(""tidyverse"")"
"0","library(""ggpubr"")"
"0","library(""DESeq2"")"
"0","library(""genefilter"")"
"0","library(Rmisc)"
"0","library(lme4)"
"0","library(car)"
"0","library(purrr)"
"0","library(lubridate)"
"0","library(Hmisc)"
"0","library(naniar)"
"0","library(stats)"
"0","library(forcats)"
"0","library(data.table)"
"0","library(writexl)"
"0","library(ggpmisc)"
"0","library(multcomp)"
"0","library(""genefilter"")"
"0","library(""DESeq2"")"
"0","library(""RColorBrewer"")"
"0","library(""WGCNA"")"
"0","library(""flashClust"")"
"0","library(""gridExtra"")"
"0","library(""ComplexHeatmap"")"
"0","library(""goseq"")"
"0","library(""dplyr"")"
"0","library(""clusterProfiler"")"
"0","library(""pheatmap"")"
"0","library(""magrittr"")"
"0","library(""reshape2"")"
"0","library(readxl)"
"0","library(ggh4x)        # advanced facetting"
