"0","### User edits:"
"0","### 1. Change paths of output to desired folder (data/figures is suggested data structure)"
"0","### 2. Change scale brewer color if desired "
"0",""
"0","piechart <- general_stats %>%"
"0","  #dplyr::mutate(Category = factor(Category, levels = order_vector)) %>% # Reorder by order_vector"
"0","  dplyr::mutate(csum = rev(cumsum(rev(percent))), "
"0","         pos = percent/2 + lead(csum, 1),"
"0","         pos = if_else(is.na(pos), percent/2, pos)) %>%"
"0","  dplyr::mutate_if(is.numeric, round, digits = 4)"
"0",""
"0","piechart_reads <- general_stats %>% "
"0","  ggplot(., aes(x="""", y = percent, fill = Category)) +"
"0","  geom_col(color = ""black"", width=1.25) +"
"0","  geom_label_repel(data = piechart,"
"0","                   aes(y = pos, label = paste0(percent, ""%"")),"
"0","                   size = 3, nudge_x = 1, show.legend = FALSE) +"
"0","  coord_polar(theta = ""y"") +"
"0","  scale_fill_manual(values = fill_colors) +"
"0","  theme_bw() +"
"0","  # labs("
"0","  #   x = NULL, y = NULL, fill = ""Category"", "
"0","  #      caption = paste0(""Unassigned reads = "", unassigned_percent, ""%"")"
"0","  # ) +"
"0","  theme("
"0","    plot.background = element_rect(fill = ""white"", colour = NA),"
"0","    plot.margin = margin(t = 5, r = 5, b = 5, l = 5, unit = ""pt""),"
"0","    legend.position = ""right"","
"0","    panel.border = element_blank(),  # Remove panel border"
"0","    panel.grid = element_blank(),    # Remove grid lines"
"0","    axis.ticks = element_blank(),    # Remove axis ticks"
"0","    axis.text = element_blank(),     # Remove axis text"
"0","    axis.title = element_blank()     # Remove axis titles"
"0","      ) +"
"0","  ggtitle(""Raw reads (%)"") +"
"0","  xlab("""") + ylab("""") + labs(fill = ""Category""); piechart_reads"
