"0","## 1. Make wide matrix: genes × samples for the ""below 10"" genes"
"0","All_data_below10 <- meth_levels_gene_below10 %>%"
"0","  dplyr::select(-median_meth, -meth_exp_group) %>%"
"0","  tidyr::pivot_wider(names_from = Sample.ID, values_from = mean_meth)"
"0",""
"0","All_mat_below10 <- as.matrix(All_data_below10[ , -1])   # numeric matrix"
"0","rownames(All_mat_below10) <- All_data_below10$gene      # add gene names"
"0",""
"0","## 2. Cluster genes (rows) by correlation"
"0","dist_genes <- as.dist(1 - cor(t(All_mat_below10),"
"0","                              use = ""pairwise.complete.obs""))"
"0","hc_genes   <- hclust(dist_genes, method = ""average"")"
"0",""
"0","## 3. Optionally cluster samples (columns) by correlation"
"0","dist_samples <- as.dist(1 - cor(All_mat_below10,"
"0","                                use = ""pairwise.complete.obs""))"
"0","hc_samples   <- hclust(dist_samples, method = ""average"")"
"0",""
"0","## 5. Draw clustered heatmap"
"0","pdf(""data/figures/Heatmap_samples_DMG_below_mean10.pdf"")"
"0",""
"0","heatmap_df<-"
"0","  heatmap.2(All_mat_below10,"
"0","          cexCol = 1.5, "
"0","          distfun = function(x) as.dist(1 - cor(t(x), use = ""pa"")), "
"0","          hclustfun = function(x) hclust(x,method = 'average'),"
"0","          key.xtickfun = function() {"
"0","  breaks = pretty(parent.frame()$breaks)"
"0","  breaks = breaks[c(1,length(breaks))]"
"0","  list(at = parent.frame()$scale01(breaks),labels = breaks)},"
"0","  Rowv = as.dendrogram(hc_genes),"
"0","  Colv = as.dendrogram(hc_samples),"
"0","  col= rev(RColorBrewer::brewer.pal(name = ""RdYlBu"", n = 10)), "
"0","  density.info = ""none"", "
"0","  ColSideColors=col_labels,"
"0","  dendrogram = ""both"","
"0","  trace = ""none"", "
"0","  scale = ""row"", "
"0","  labRow = FALSE,"
"0","  labCol = FALSE,"
"0","  sepcolor=""none"","
"0","  sepwidth=c(0.1,0.01),"
"0","  #lmat = rbind(4:3, 2:1),"
"0","    ### 5 = legend, 4 = col dend, 3 = row dend, 2 = heatmap, 1 = labels"
"0","  #lmat = rbind(c(4,3), c(0,1), c(2,1)),"
"0","  lmat = rbind(c(5,4), c(0,1), c(3,2)),"
"0","  keysize=0.1, "
"0","  key.par = list(mgp = c(1.5, 0.5, 0), cex=0.7), "
"0","  lhei=c(0.5,0.1,2),"
"0","  lwid = c(1.5,4))"
