"0","meta <- read.csv(""data/metadata/Molecular_metadata.csv"") %>%"
"0","  mutate(Timepoint = if_else(Plug_ID == ""2153"", ""12 hour"", Timepoint)) %>%"
"0","  dplyr::rename(Sample.ID = Plug_ID) %>% "
"0","  dplyr::select(Sample.ID, Species, Tank, Treatment, Temperature, CO2, Timepoint, Sample.Date) "
"0","  "
"0","meta$Sample.ID <- as.character(meta$Sample.ID)"
"0",""
"0","meta$Timepoint <- factor(meta$Timepoint, "
"0","                           levels = c(""0 hour"", ""6 hour"", ""12 hour"", ""30 hour"","
"0","                                      ""1 week"", ""2 week"", ""4 week"", ""6 week"","
"0","                                      ""8 week"", ""12 week"", ""16 week""))"
"0",""
"0","pacuta_clade <- read.delim2(""data/metadata/clade_annotations_Pacuta.txt"", header = TRUE, sep=""\t"") %>%"
"0","  separate(., Sample, c(""Species"", ""Treatment"", ""Timepoint"", ""Sample.ID"")) %>% "
"0","  dplyr::select(-Treatment, -Timepoint) %>% dplyr::select(Sample.ID, Clade)"
"0",""
"0","ploidyinfo <- read.delim2(""data/metadata/samples_Pacuta.annotations.txt"", "
"0","                          header=TRUE, sep=""\t"", na.strings=c("""",""NA"")) %>% "
"0","  dplyr::rename(., Sample.ID = plugid) %>% "
"0","  mutate_if(is.integer, as.character) %>% "
"0","  dplyr::select(Sample.ID, ploidy, group, treesplit) %>%"
"0","  #mutate(treesplit = coalesce(treesplit, ""D"")) %>% "
"0","  #changing NA values to ""D"" in treesplit -- this is just so triploidy is split in 2 groups and diploidy is altogether "
"0","  left_join(., pacuta_clade, by=""Sample.ID"")"
"0",""
"0","meta <- dplyr::left_join(meta, ploidyinfo, by=""Sample.ID"")"
"0","save(meta, file = ""data/metadata/meta.RData"")"
