"0","median_meth_levels <- meth_table5x_filtered_sigDMG %>%"
"0","  dplyr::group_by(gene) %>%"
"0","  reframe(median_meth = median(per.meth))"
"0",""
"0","median_above0 <- median_meth_levels %>% filter(median_meth > 0) ## 718 genes "
"0",""
"0","mean_meth_levels <- meth_table5x_filtered_sigDMG %>%"
"0","  dplyr::group_by(gene) %>%"
"0","  reframe(mean_meth = mean(per.meth))"
"0",""
"0","mean_above0 <- mean_meth_levels %>% filter(mean_meth > 0) ## 3,692 genes (all of them)"
"0","mean_above10 <- mean_meth_levels %>% filter(mean_meth > 10) ## 917 genes"
"0",""
"0","median_meth_levels %>%"
"0","  ggplot(aes(x=median_meth)) + theme_bw() +"
"0","  geom_histogram(alpha=0.6, position = 'identity') +"
"0","  theme(strip.text.x = element_text(size = 12, color = ""black"", face = ""bold""),"
"0","        strip.text.y = element_text(size = 12, color = ""black"", face = ""bold"")) +"
"0","  theme(strip.background = element_rect(color=""black"", fill=""white"", linewidth=0.5, linetype=""solid""))"
