"0","loci_status <- summarySE(meth_table5x_filtered, measurevar = c(""per.meth""), groupvars = c(""scaffold"", ""position""))"
"0","loci_status <- loci_status %>% unite(Loc, c(""scaffold"", ""position""), sep = ""_"") %>% dplyr::select(-sd, -se, -ci) %>%"
"0","  mutate("
"0","    loci_status = case_when("
"0","      per.meth < 10 ~ ""unmethylated"","
"0","      per.meth > 10 ~ ""methylated"""
"0","    )"
"0","  )"
"0",""
"0","meth_table5x_filtered_loc <- meth_table5x_filtered %>% #dplyr::select(-loci_status) %>%"
"0","  #unite(Loc, c(""scaffold"", ""position""), sep = "" "", remove = FALSE) %>%"
"0","  left_join(., loci_status %>% dplyr::select(Loc, loci_status), by = ""Loc"")"
"0",""
"0","meth_table5x_filtered_sigDMG_loc <- meth_table5x_filtered_sigDMG %>% dplyr::select(-loci_status) %>%"
"0","  #unite(Loc, c(""scaffold"", ""position""), sep = "" "", remove = FALSE) %>%"
"0","  left_join(., loci_status %>% dplyr::select(Loc, loci_status), by = ""Loc"")"
"0",""
"0","meth_table5x_filtered_loc_filtered <- meth_table5x_filtered_loc %>%"
"0","  dplyr::group_by(Loc) %>% filter(Loc > 0)"
"0",""
"0","## Figure 3C mean CpG loci % "
"0","gene.stats.groups <- summarySE(meth_table5x_filtered_loc, "
"0","                               measurevar = c(""per.meth""), groupvars = c(""Sample.ID"", ""meth_exp_group"",""loci_status""))"
"0",""
"0","gene.stats.groups.test <- summarySE(meth_table5x_filtered_loc, "
"0","                               measurevar = c(""per.meth""), groupvars = c(""Sample.ID"", ""meth_exp_group""))"
"0",""
"0","DMGs.stats.groups <- summarySE(meth_table5x_filtered_sigDMG_loc, "
"0","                               measurevar = c(""per.meth""), groupvars = c(""Sample.ID"", ""meth_exp_group"",""loci_status""))"
