"0","# df_filtered  <- df5x %>%"
"0","#   #### [11,283,247 × 20] at this point"
"0","#   unite(Loc, scaffold, position, remove = FALSE, sep = "" "") %>%"
"0","#   "
"0","#   #filtering out loci that have a median methylation of <10% across all samples"
"0","#   group_by(Loc) %>%"
"0","#   mutate(loci_median = median(per.meth)) %>%"
"0","#   filter(loci_median > 0) %>% ungroup() %>%"
"0","#   ### 946,050 × 21 after "
"0","#   "
"0","#   # filtering out genes with less than 5 positions of data "
"0","#   dplyr::group_by(gene) %>%"
"0","#   mutate(n_positions = n_distinct(position)) %>% ungroup() %>% ## count the number of unique positions for each gene"
"0","#   filter(n_positions >= 5) %>% dplyr::select(-n_positions)"
"0","#   ### 314,313 × 21 after"
"0","# "
"0","# length(unique(df_filtered$Loc))"
"0","# ## 2,882 loci "
"0","# "
"0","# length(unique(df5x$gene)) ## 14,532 genes "
"0","# length(unique(df_filtered$gene))"
"0","# ## 4,098 genes with median >0 "
"0","# ## 359 genes "
"0",""
"0","#####################"
"0",""
"0",""
"0","# df_filtered_posONLY  <- df5x %>%"
"0","#   #### [11,283,247 × 20] at this point"
"0","#   unite(Loc, scaffold, position, remove = FALSE, sep = "" "") %>%"
"0","#   "
"0","#   # filtering out genes with less than 5 positions of data "
"0","#   dplyr::group_by(gene) %>%"
"0","#   mutate(n_positions = n_distinct(position)) %>% ungroup() %>% ## count the number of unique positions for each gene"
"0","#   filter(n_positions >= 5) %>% dplyr::select(-n_positions)"
"0","#   ### 9,625,587 × 20"
"0","# "
"0","# length(unique(df_filtered_posONLY$Loc))"
"0","# ## 98,294 loci "
"0","# length(unique(df_filtered_posONLY$gene))"
"0","# ## 7,413 genes "
