"0",""
"0","depth <- meth_table5x_filtered_loc %>% dplyr::group_by(Sample.ID, meth_exp_group, Loc) %>%"
"0","  reframe("
"0","    total = meth+unmeth"
"0","  ) %>% left_join(sample_counts, by = ""meth_exp_group"")"
"0",""
"0","depth_sample <- depth %>% dplyr::group_by(Sample.ID, meth_exp_group) %>%"
"0","  reframe("
"0","    mean_total = mean(total)"
"0","  )"
"0",""
"0","depth %>%"
"0","    ggplot(aes(x = total, fill = meth_exp_group)) +"
"0","    geom_histogram(aes(weight = 1 / n_samples),"
"0","                   bins = 50, position = ""identity"", alpha = 0.7) +"
"0","    facet_grid(. ~ meth_exp_group, scales = ""free_y"") +"
"0","    scale_fill_manual(values = c(""skyblue3"", ""olivedrab4"", ""darkgreen"")) +"
"0","    labs(fill = """", y = ""Count"", x = ""Total reads per loci (Depth)"") +"
"0","    theme_bw() +"
"0","    theme(strip.text.x = element_text(size = 10, color = ""black"", face = ""bold""),"
"0","          strip.text.y = element_text(size = 10, color = ""black"", face = ""bold""),"
"0","          strip.background = element_rect(color = ""black"", fill = ""white"","
"0","                                          linewidth = 0.5, linetype = ""solid""),"
"0","          legend.position = ""none"","
"0","          #axis.text.x = element_blank(),"
"0","          #axis.ticks.x = element_blank()"
"0","          )"
