#category	term ID	term description	observed gene count	background gene count	strength	signal	false discovery rate	matching proteins in your network (IDs)	matching proteins in your network (labels)
GO Function	GO:0005488	Binding	45	10210	0.22	0.27	0.0245	46731.A0A3M6T5L4,46731.A0A3M6TCM8,46731.A0A3M6TDE8,46731.A0A3M6TE64,46731.A0A3M6TH49,46731.A0A3M6THI2,46731.A0A3M6TI01,46731.A0A3M6TJF8,46731.A0A3M6TLK0,46731.A0A3M6TNJ0,46731.A0A3M6TPT7,46731.A0A3M6TQC5,46731.A0A3M6TRV5,46731.A0A3M6TTF2,46731.A0A3M6TY69,46731.A0A3M6TZD2,46731.A0A3M6U1D8,46731.A0A3M6U1X3,46731.A0A3M6U2I6,46731.A0A3M6U2R4,46731.A0A3M6U3R6,46731.A0A3M6U3Y8,46731.A0A3M6U4C3,46731.A0A3M6U5F8,46731.A0A3M6U653,46731.A0A3M6U776,46731.A0A3M6U7U2,46731.A0A3M6U878,46731.A0A3M6U9U0,46731.A0A3M6UAY8,46731.A0A3M6UAZ6,46731.A0A3M6UCJ1,46731.A0A3M6UEA8,46731.A0A3M6UFK9,46731.A0A3M6UGK2,46731.A0A3M6UGU8,46731.A0A3M6UM41,46731.A0A3M6UPE2,46731.A0A3M6UPH7,46731.A0A3M6URV7,46731.A0A3M6UU55,46731.A0A3M6UVS1,46731.A0A3M6UXB6,46731.A0A3M6V2X2,46731.A0A3M6V4X6	pdam_00019647,pdam_00020529,pdam_00017918,pdam_00006131,pdam_00022007,pdam_00015948,pdam_00011563,pdam_00008641,pdam_00011606,pdam_00001785,pdam_00021195,pdam_00001897,pdam_00023820,pdam_00002763,pdam_00000594,pdam_00019053,pdam_00002214,pdam_00002197,pdam_00010621,pdam_00024263,pdam_00005395,pdam_00014740,pdam_00015199,pdam_00014304,pdam_00003873,pdam_00017446,pdam_00003037,pdam_00019762,pdam_00018319,pdam_00003138,pdam_00003137,pdam_00015801,pdam_00003693,pdam_00024091,pdam_00014223,pdam_00016242,pdam_00020439,pdam_00001670,pdam_00022890,pdam_00011454,pdam_00006329,pdam_00004994,pdam_00000081,pdam_00025959,pdam_00013741
GO Component	GO:0005622	Intracellular anatomical structure	47	10142	0.24	0.36	0.00096	46731.A0A3M6T5L4,46731.A0A3M6TCM8,46731.A0A3M6TDE8,46731.A0A3M6TE64,46731.A0A3M6TEY4,46731.A0A3M6TH49,46731.A0A3M6THI2,46731.A0A3M6TJF8,46731.A0A3M6TLK0,46731.A0A3M6TNJ0,46731.A0A3M6TPT7,46731.A0A3M6TQC5,46731.A0A3M6TRV5,46731.A0A3M6TTF2,46731.A0A3M6TY69,46731.A0A3M6TZD2,46731.A0A3M6U1D8,46731.A0A3M6U1X3,46731.A0A3M6U2I6,46731.A0A3M6U2R4,46731.A0A3M6U3A3,46731.A0A3M6U3R6,46731.A0A3M6U3Y8,46731.A0A3M6U4C3,46731.A0A3M6U5F8,46731.A0A3M6U5Q8,46731.A0A3M6U776,46731.A0A3M6U7U2,46731.A0A3M6U878,46731.A0A3M6U9U0,46731.A0A3M6UAY8,46731.A0A3M6UAZ6,46731.A0A3M6UEA8,46731.A0A3M6UER2,46731.A0A3M6UFK9,46731.A0A3M6UGU8,46731.A0A3M6UHH8,46731.A0A3M6UM41,46731.A0A3M6URV7,46731.A0A3M6UT51,46731.A0A3M6UU55,46731.A0A3M6UVS1,46731.A0A3M6UXB6,46731.A0A3M6V2X2,46731.A0A3M6V385,46731.A0A3M6V4X6,46731.A0A3M6V6E0	pdam_00019647,pdam_00020529,pdam_00017918,pdam_00006131,pdam_00024167,pdam_00022007,pdam_00015948,pdam_00008641,pdam_00011606,pdam_00001785,pdam_00021195,pdam_00001897,pdam_00023820,pdam_00002763,pdam_00000594,pdam_00019053,pdam_00002214,pdam_00002197,pdam_00010621,pdam_00024263,pdam_00014690,pdam_00005395,pdam_00014740,pdam_00015199,pdam_00014304,pdam_00001540,pdam_00017446,pdam_00003037,pdam_00019762,pdam_00018319,pdam_00003138,pdam_00003137,pdam_00003693,pdam_00012189,pdam_00024091,pdam_00016242,pdam_00015565,pdam_00020439,pdam_00011454,pdam_00021211,pdam_00006329,pdam_00004994,pdam_00000081,pdam_00025959,pdam_00021444,pdam_00013741,pdam_00022063
GO Component	GO:0043227	Membrane-bounded organelle	37	7272	0.28	0.36	0.0025	46731.A0A3M6T5L4,46731.A0A3M6TCM8,46731.A0A3M6TDE8,46731.A0A3M6TE64,46731.A0A3M6TEY4,46731.A0A3M6TH49,46731.A0A3M6THI2,46731.A0A3M6TJF8,46731.A0A3M6TLK0,46731.A0A3M6TNJ0,46731.A0A3M6TPT7,46731.A0A3M6TQC5,46731.A0A3M6TRV5,46731.A0A3M6TTF2,46731.A0A3M6TY69,46731.A0A3M6TZD2,46731.A0A3M6U1X3,46731.A0A3M6U2R4,46731.A0A3M6U3A3,46731.A0A3M6U3R6,46731.A0A3M6U4C3,46731.A0A3M6U5F8,46731.A0A3M6U5Q8,46731.A0A3M6U878,46731.A0A3M6U9U0,46731.A0A3M6UAY8,46731.A0A3M6UAZ6,46731.A0A3M6UFK9,46731.A0A3M6UGU8,46731.A0A3M6UM41,46731.A0A3M6URV7,46731.A0A3M6UT51,46731.A0A3M6UU55,46731.A0A3M6UVS1,46731.A0A3M6V385,46731.A0A3M6V4X6,46731.A0A3M6V6E0	pdam_00019647,pdam_00020529,pdam_00017918,pdam_00006131,pdam_00024167,pdam_00022007,pdam_00015948,pdam_00008641,pdam_00011606,pdam_00001785,pdam_00021195,pdam_00001897,pdam_00023820,pdam_00002763,pdam_00000594,pdam_00019053,pdam_00002197,pdam_00024263,pdam_00014690,pdam_00005395,pdam_00015199,pdam_00014304,pdam_00001540,pdam_00019762,pdam_00018319,pdam_00003138,pdam_00003137,pdam_00024091,pdam_00016242,pdam_00020439,pdam_00011454,pdam_00021211,pdam_00006329,pdam_00004994,pdam_00021444,pdam_00013741,pdam_00022063
GO Component	GO:0043231	Intracellular membrane-bounded organelle	36	6872	0.29	0.37	0.0025	46731.A0A3M6T5L4,46731.A0A3M6TCM8,46731.A0A3M6TDE8,46731.A0A3M6TE64,46731.A0A3M6TEY4,46731.A0A3M6TH49,46731.A0A3M6THI2,46731.A0A3M6TJF8,46731.A0A3M6TLK0,46731.A0A3M6TNJ0,46731.A0A3M6TPT7,46731.A0A3M6TQC5,46731.A0A3M6TRV5,46731.A0A3M6TTF2,46731.A0A3M6TY69,46731.A0A3M6TZD2,46731.A0A3M6U1X3,46731.A0A3M6U2R4,46731.A0A3M6U3A3,46731.A0A3M6U3R6,46731.A0A3M6U4C3,46731.A0A3M6U5F8,46731.A0A3M6U5Q8,46731.A0A3M6U878,46731.A0A3M6U9U0,46731.A0A3M6UAZ6,46731.A0A3M6UFK9,46731.A0A3M6UGU8,46731.A0A3M6UM41,46731.A0A3M6URV7,46731.A0A3M6UT51,46731.A0A3M6UU55,46731.A0A3M6UVS1,46731.A0A3M6V385,46731.A0A3M6V4X6,46731.A0A3M6V6E0	pdam_00019647,pdam_00020529,pdam_00017918,pdam_00006131,pdam_00024167,pdam_00022007,pdam_00015948,pdam_00008641,pdam_00011606,pdam_00001785,pdam_00021195,pdam_00001897,pdam_00023820,pdam_00002763,pdam_00000594,pdam_00019053,pdam_00002197,pdam_00024263,pdam_00014690,pdam_00005395,pdam_00015199,pdam_00014304,pdam_00001540,pdam_00019762,pdam_00018319,pdam_00003137,pdam_00024091,pdam_00016242,pdam_00020439,pdam_00011454,pdam_00021211,pdam_00006329,pdam_00004994,pdam_00021444,pdam_00013741,pdam_00022063
GO Component	GO:0005634	Nucleus	24	3815	0.37	0.37	0.0065	46731.A0A3M6T5L4,46731.A0A3M6TCM8,46731.A0A3M6TDE8,46731.A0A3M6TE64,46731.A0A3M6TEY4,46731.A0A3M6THI2,46731.A0A3M6TLK0,46731.A0A3M6TNJ0,46731.A0A3M6TPT7,46731.A0A3M6TQC5,46731.A0A3M6TZD2,46731.A0A3M6U1X3,46731.A0A3M6U2R4,46731.A0A3M6U3A3,46731.A0A3M6U3R6,46731.A0A3M6U5F8,46731.A0A3M6U5Q8,46731.A0A3M6U878,46731.A0A3M6U9U0,46731.A0A3M6UAZ6,46731.A0A3M6UFK9,46731.A0A3M6UM41,46731.A0A3M6UU55,46731.A0A3M6UVS1	pdam_00019647,pdam_00020529,pdam_00017918,pdam_00006131,pdam_00024167,pdam_00015948,pdam_00011606,pdam_00001785,pdam_00021195,pdam_00001897,pdam_00019053,pdam_00002197,pdam_00024263,pdam_00014690,pdam_00005395,pdam_00014304,pdam_00001540,pdam_00019762,pdam_00018319,pdam_00003137,pdam_00024091,pdam_00020439,pdam_00006329,pdam_00004994
GO Component	GO:0043226	Organelle	39	8391	0.24	0.32	0.0065	46731.A0A3M6T5L4,46731.A0A3M6TCM8,46731.A0A3M6TDE8,46731.A0A3M6TE64,46731.A0A3M6TEY4,46731.A0A3M6TH49,46731.A0A3M6THI2,46731.A0A3M6TJF8,46731.A0A3M6TLK0,46731.A0A3M6TNJ0,46731.A0A3M6TPT7,46731.A0A3M6TQC5,46731.A0A3M6TRV5,46731.A0A3M6TTF2,46731.A0A3M6TY69,46731.A0A3M6TZD2,46731.A0A3M6U1X3,46731.A0A3M6U2I6,46731.A0A3M6U2R4,46731.A0A3M6U3A3,46731.A0A3M6U3R6,46731.A0A3M6U4C3,46731.A0A3M6U5F8,46731.A0A3M6U5Q8,46731.A0A3M6U878,46731.A0A3M6U9U0,46731.A0A3M6UAY8,46731.A0A3M6UAZ6,46731.A0A3M6UFK9,46731.A0A3M6UGU8,46731.A0A3M6UM41,46731.A0A3M6URV7,46731.A0A3M6UT51,46731.A0A3M6UU55,46731.A0A3M6UVS1,46731.A0A3M6V2X2,46731.A0A3M6V385,46731.A0A3M6V4X6,46731.A0A3M6V6E0	pdam_00019647,pdam_00020529,pdam_00017918,pdam_00006131,pdam_00024167,pdam_00022007,pdam_00015948,pdam_00008641,pdam_00011606,pdam_00001785,pdam_00021195,pdam_00001897,pdam_00023820,pdam_00002763,pdam_00000594,pdam_00019053,pdam_00002197,pdam_00010621,pdam_00024263,pdam_00014690,pdam_00005395,pdam_00015199,pdam_00014304,pdam_00001540,pdam_00019762,pdam_00018319,pdam_00003138,pdam_00003137,pdam_00024091,pdam_00016242,pdam_00020439,pdam_00011454,pdam_00021211,pdam_00006329,pdam_00004994,pdam_00025959,pdam_00021444,pdam_00013741,pdam_00022063
GO Component	GO:0043229	Intracellular organelle	38	8033	0.25	0.32	0.0065	46731.A0A3M6T5L4,46731.A0A3M6TCM8,46731.A0A3M6TDE8,46731.A0A3M6TE64,46731.A0A3M6TEY4,46731.A0A3M6TH49,46731.A0A3M6THI2,46731.A0A3M6TJF8,46731.A0A3M6TLK0,46731.A0A3M6TNJ0,46731.A0A3M6TPT7,46731.A0A3M6TQC5,46731.A0A3M6TRV5,46731.A0A3M6TTF2,46731.A0A3M6TY69,46731.A0A3M6TZD2,46731.A0A3M6U1X3,46731.A0A3M6U2I6,46731.A0A3M6U2R4,46731.A0A3M6U3A3,46731.A0A3M6U3R6,46731.A0A3M6U4C3,46731.A0A3M6U5F8,46731.A0A3M6U5Q8,46731.A0A3M6U878,46731.A0A3M6U9U0,46731.A0A3M6UAY8,46731.A0A3M6UAZ6,46731.A0A3M6UFK9,46731.A0A3M6UGU8,46731.A0A3M6UM41,46731.A0A3M6URV7,46731.A0A3M6UT51,46731.A0A3M6UU55,46731.A0A3M6UVS1,46731.A0A3M6V385,46731.A0A3M6V4X6,46731.A0A3M6V6E0	pdam_00019647,pdam_00020529,pdam_00017918,pdam_00006131,pdam_00024167,pdam_00022007,pdam_00015948,pdam_00008641,pdam_00011606,pdam_00001785,pdam_00021195,pdam_00001897,pdam_00023820,pdam_00002763,pdam_00000594,pdam_00019053,pdam_00002197,pdam_00010621,pdam_00024263,pdam_00014690,pdam_00005395,pdam_00015199,pdam_00014304,pdam_00001540,pdam_00019762,pdam_00018319,pdam_00003138,pdam_00003137,pdam_00024091,pdam_00016242,pdam_00020439,pdam_00011454,pdam_00021211,pdam_00006329,pdam_00004994,pdam_00021444,pdam_00013741,pdam_00022063
GO Component	GO:0110165	Cellular anatomical entity	58	15952	0.13	0.28	0.0065	46731.A0A3M6T5L4,46731.A0A3M6TAV9,46731.A0A3M6TCM8,46731.A0A3M6TDE8,46731.A0A3M6TE64,46731.A0A3M6TEY4,46731.A0A3M6TH49,46731.A0A3M6THI2,46731.A0A3M6TI01,46731.A0A3M6TJF8,46731.A0A3M6TLK0,46731.A0A3M6TNJ0,46731.A0A3M6TNP5,46731.A0A3M6TPT7,46731.A0A3M6TQC5,46731.A0A3M6TRV5,46731.A0A3M6TTF2,46731.A0A3M6TY69,46731.A0A3M6TZD2,46731.A0A3M6U1D8,46731.A0A3M6U1X3,46731.A0A3M6U2I6,46731.A0A3M6U2R4,46731.A0A3M6U3A3,46731.A0A3M6U3R6,46731.A0A3M6U3Y8,46731.A0A3M6U4C3,46731.A0A3M6U5F8,46731.A0A3M6U5Q8,46731.A0A3M6U5X2,46731.A0A3M6U653,46731.A0A3M6U776,46731.A0A3M6U7U2,46731.A0A3M6U878,46731.A0A3M6U9U0,46731.A0A3M6UAY8,46731.A0A3M6UAZ6,46731.A0A3M6UCJ1,46731.A0A3M6UEA8,46731.A0A3M6UER2,46731.A0A3M6UFK9,46731.A0A3M6UGK2,46731.A0A3M6UGU8,46731.A0A3M6UHH8,46731.A0A3M6UM41,46731.A0A3M6UPE2,46731.A0A3M6UPH7,46731.A0A3M6URV7,46731.A0A3M6USQ4,46731.A0A3M6UT51,46731.A0A3M6UU55,46731.A0A3M6UV29,46731.A0A3M6UVS1,46731.A0A3M6UXB6,46731.A0A3M6V2X2,46731.A0A3M6V385,46731.A0A3M6V4X6,46731.A0A3M6V6E0	pdam_00019647,pdam_00010243,pdam_00020529,pdam_00017918,pdam_00006131,pdam_00024167,pdam_00022007,pdam_00015948,pdam_00011563,pdam_00008641,pdam_00011606,pdam_00001785,pdam_00001843,pdam_00021195,pdam_00001897,pdam_00023820,pdam_00002763,pdam_00000594,pdam_00019053,pdam_00002214,pdam_00002197,pdam_00010621,pdam_00024263,pdam_00014690,pdam_00005395,pdam_00014740,pdam_00015199,pdam_00014304,pdam_00001540,pdam_00003909,pdam_00003873,pdam_00017446,pdam_00003037,pdam_00019762,pdam_00018319,pdam_00003138,pdam_00003137,pdam_00015801,pdam_00003693,pdam_00012189,pdam_00024091,pdam_00014223,pdam_00016242,pdam_00015565,pdam_00020439,pdam_00001670,pdam_00022890,pdam_00011454,pdam_00024549,pdam_00021211,pdam_00006329,pdam_00020981,pdam_00004994,pdam_00000081,pdam_00025959,pdam_00021444,pdam_00013741,pdam_00022063
GO Component	GO:0000428	DNA-directed RNA polymerase complex	4	81	1.27	0.61	0.0087	46731.A0A3M6TCM8,46731.A0A3M6U1X3,46731.A0A3M6UFK9,46731.A0A3M6UM41	pdam_00020529,pdam_00002197,pdam_00024091,pdam_00020439
