"0","### number of loci per sample = 103,629 unique loci for all; 44,366 for sig DMG"
"0","## sample size of D = 16; T1=20; T2=17 "
"0",""
"0","#### GENERAL HISTOGRAM OF CPG LOCI METHYLATION LEVEL "
"0","## hist for per.meth distribution for all genes"
"0","# meth_table5x_filtered_loc %>%"
"0","#   "
"0","#   mutate(bin = cut(per.meth,"
"0","#                    breaks = c(0, 10, 100),"
"0","#                    labels = c(""0–10%"", ""10–100%""),"
"0","#                    include.lowest = TRUE)) %>%"
"0","#   "
"0","#   ggplot(aes(x=per.meth, fill=meth_exp_group)) + theme_bw() +"
"0","#   facet_grid(bin ~ meth_exp_group, scales=""free"") +"
"0","#   geom_histogram(alpha=0.6, position = 'identity') +"
"0","#   scale_fill_manual(values=c(""skyblue3"", ""olivedrab4"", ""darkgreen"")) +"
"0","#   labs(fill="""") +"
"0","#     labs(y = ""Number of Loci"","
"0","#        x = ""DNA methylation level (%)"") + "
"0","#   theme(strip.text.x = element_text(size = 12, color = ""black"", face = ""bold""),"
"0","#         strip.text.y = element_text(size = 12, color = ""black"", face = ""bold""),"
"0","#         strip.background = element_rect(color=""black"", fill=""white"", linewidth=0.5, linetype=""solid""),"
"0","#         legend.position = ""none"""
"0","#         )"
"0","# "
"0","# ggsave(filename=""data/figures/Supplemental Figure 3 Loci_Percent_methylation_all.jpeg"", width=8, height=7, units=""in"")"
"0",""
"0","# ## hist for per.meth distribution for significant DMGs "
"0","# histDMG <- meth_table5x_filtered_sigDMG %>%"
"0","#   ggplot(aes(x=per.meth, fill=meth_exp_group)) + theme_bw() +"
"0","#   facet_grid(factor(loci_status, levels=c('unmethylated','sparsely methylated','methylated'))~meth_exp_group, scales=""free"") +"
"0","#   geom_histogram(alpha=0.6, position = 'identity') +"
"0","#   scale_fill_manual(values=c(""skyblue3"", ""olivedrab4"", ""darkgreen"")) +"
"0","#   labs(fill="""") +"
"0","#   labs(y = ""Number of Loci"","
"0","#        x = ""DNA methylation level (%)"") + "
"0","#     theme(strip.text.x = element_text(size = 12, color = ""black"", face = ""bold""),"
"0","#         strip.text.y = element_text(size = 12, color = ""black"", face = ""bold""),"
"0","#         strip.background = element_rect(color=""black"", fill=""white"", linewidth=0.5, linetype=""solid""),"
"0","#         legend.position = ""none"""
"0","#         )"
"0","# "
"0","# ggsave(filename=""data/figures/Supplemental Figure 3 Loci_Percent_methylation_sigDMGs.jpeg"", width=8, height=7, units=""in"")"
