"0","## Create summary means for loci > 10% median methylation and sigDMG genes "
"0","pca.means.df <- aggregate(per.meth ~ gene*Sample.ID, data=meth_table5x_filtered, FUN=mean)"
"0","pca.means.dfsig <- aggregate(per.meth ~ gene*Sample.ID, data=meth_table5x_filtered_sigDMG, FUN=mean)"
"0",""
"0","# transform df so column names are gene names "
"0","All_data2 <- pca.means.df %>% "
"0","  pivot_wider(names_from = gene, values_from = per.meth) %>%"
"0","  na.omit()"
"0",""
"0","All_data2sig <- pca.means.dfsig %>% "
"0","  pivot_wider(names_from = gene, values_from = per.meth) %>%"
"0","  na.omit()"
"0",""
"0","rownames(All_data2) <- paste0(All_data2$Sample.ID)"
"0","rownames(All_data2sig) <- paste0(All_data2sig$Sample.ID)"
