"0","phylum_cols <- c("
"0","  ""Annelida""      = ""#073b4c"","
"0","  ""Arthropoda""    = ""#0077b6"","
"0","  ""Bryozoa""       = ""#0096c7"","
"0","  ""Chaetognatha""  = ""#00b4d8"","
"0","  ""Chordata""      = ""#ade8f4"","
"0","  ""Cnidaria""      = ""#52b69a"","
"0","  ""Echinodermata"" = ""#b7e4c7"","
"0","  ""Gastrotricha""  = ""#f7ede2"","
"0","  ""Kinorhyncha""   = ""#e9d8a6"","
"0","  ""Mollusca""      = ""#f2cc8f"","
"0","  ""Nematoda""      = ""#ffcdb2"","
"0","  ""Nemertea""      = ""#ffb4a2"","
"0","  ""Porifera""      = ""#e5989b"","
"0","  ""Rotifera""      = ""#b5838d"""
"0",")"
"0",""
"0","fill_map <- invert_matrix %>%"
"0","  distinct(Label, Phylum) %>%"
"0","  mutate(phylum_col = phylum_cols[Phylum])"
"0",""
"0","# sanity check: any missing phylum colors?"
"0","setdiff(unique(invert_matrix$Phylum), names(phylum_cols))"
"1","character(0)
"
"0","fill_vals <- setNames(fill_map$phylum_col, fill_map$Label)"
"0",""
"0","invert_matrix %>%"
"0","  "
"0","  ggplot(aes("
"0","    x = sampleID,"
"0","    y = Common_name_rel,"
"0","    fill = Label"
"0","  )) +"
"0","  geom_col(width = 0.8) +"
"0","  scale_fill_manual(values = fill_vals) +"
"0","  scale_y_continuous(labels = scales::percent) +"
"0","  labs("
"0","    x = ""Sample"","
"0","    y = ""Invertebrate Relative Abundance"","
"0","    fill = ""Common Name"""
"0","  ) +"
"0","  theme_bw() +"
"0","  theme("
"0","    axis.text.x = element_text(angle = 90, hjust = 1),"
"0","    panel.grid.major.x = element_blank(),"
"0","    panel.grid.minor = element_blank()"
"0","  )"
