"0","# ## DELETE OLD VERSIONS OF THIS FILE BEFORE RUNNING"
"0","# unlink(""data/WGBS/GLM_output.txt"")"
"0","# gs5x <- unique(meth_table5x_filtered$gene)"
"0","# "
"0","# # Number of cores to use (this won't work on Windows)"
"0","# # num_cores <- detectCores() - 1"
"0","# "
"0","# # Split the sub_meth_table.10x dataframe by 'gene'"
"0","# split_dfs <- split(meth_table5x_filtered, meth_table5x_filtered$gene)"
"0","# test <- split_dfs[1]"
"0","# "
"0","# # Preparing objects for data collection"
"0","# results <- list()"
"0","# results$Stats <- data.frame(matrix(nrow=length(gs5x), ncol=2), row.names=gs5x)"
"0","# colnames(results$Stats) <- c(""gene"", ""pvalue_treatment"")"
"0","# "
"0","# ## Defining the run_glm function"
"0","# run_glm <- function(data){"
"0","# "
"0","#   #Bayesian model"
"0","#   fit <- glm(matrix(c(meth, unmeth), ncol=2) ~ meth_exp_group,"
"0","#              data=data, family=binomial)"
"0","# "
"0","#   a <- anova(fit, test=""Chisq"")"
"0","# "
"0","#   Gene <- unique(data$gene)"
"0","# "
"0","#   #Gathering convergence stats"
"0","#   results$Stats[Gene, ] <- c(Gene, a$`Pr(>Chi)`[2])"
"0","# "
"0","#   write.table(results$Stats[Gene, ], ""data/WGBS/GLM_output.txt"","
"0","#               col.names=F, row.names=T, quote=F, append=T)"
"0","# "
"0","# }"
"0","# "
"0","# ### Lapply for the GLM"
"0","# ### this will run through the run_glm function for multiple genes at a time and output"
"0","# mclapply(split_dfs, run_glm)"
