"0","ASV_table <- read_tsv(""../ASV_table.len.tsv"", show_col_types = FALSE) %>%"
"0","  ## calculate the sum of all reads for each ASV"
"0","  mutate(., ASV_sum = rowSums(across(where(is.numeric)))) %>%"
"0","  ## calculate a ranking based on those sum calculated above"
"0","  mutate(ASV_rank = rank(-ASV_sum, ties.method='random')) %>%"
"0",""
"0","  ## move the sum and rank columns to after ASV_ID and arrange by rank"
"0","  relocate(c(ASV_sum,ASV_rank), .after = ASV_ID) %>% arrange((ASV_rank))"
"0",""
"0","## Total number of reads "
"0","sum(ASV_table$ASV_sum)"
"1","[1]"
"1"," 4578638"
"1","
"
"0","## 4,578,638 total reads"
